age_band,wording_arm,n,mean_likelihood,agreement_rate
18-34,Benefit-framed,250,3.652,0.56
18-34,Effort-framed,234,2.9358974358974357,0.3076923076923077
18-34,Neutral,246,3.207317073170732,0.4024390243902439
35-54,Benefit-framed,287,3.508710801393728,0.554006968641115
35-54,Effort-framed,272,2.9375,0.2977941176470588
35-54,Neutral,274,3.1386861313868613,0.38321167883211676
55+,Benefit-framed,236,3.2288135593220337,0.3813559322033898
55+,Effort-framed,246,2.3902439024390243,0.15853658536585366
55+,Neutral,255,2.8745098039215686,0.3176470588235294
